<?xml version="1.0" encoding="utf-8" ?>
<Sprites>
    <sampleEntity path="objects/PuzzleIslandHelper/sampleEntity/" start="idle">
        <Justify x="0.5" y="0.5" />
        <Anim id="idle" path="idle" delay="0.1" frames="0" />
    </sampleEntity>

    <labDoor path="objects/PuzzleIslandHelper/machineDoor/" start="idle">
        <Loop id="idle" path="idle" delay="0.1"/>
        <Anim id="opening" path="open" delay="0.1"/>
        <Loop id="open" path="open" delay="0.1" frames="8"/>
        <Anim id="closing" path="close" delay="0.1"/>
        <Loop id="closed" path="close" delay="0.1" frames="8"/>
    </labDoor>
</Sprites>